IdProveedor,Nombre,Direccion,Localidad,Ciudad,Provincia,Pais
1,SinDato,BEREGUESTEIN 36,AVELLANEDA,AVELLANEDA,BUENOS AIRES,ARGENTINA
2,San Cirano,ALBERTI 965,BRANDSEN,CORONEL BRANDSEN,BUENOS AIRES,ARGENTINA
3,Bell S.A.,MORENO 331,CAMPANA,CAMPANA,BUENOS AIRES,ARGENTINA
4,Rivero Insumos,PTE. PERON 3872,LANUS,VALENTIN ALSINA,BUENOS AIRES,ARGENTINA
5,Laprida Computacion,AVDA. PEDRO PEREYRA 1339,LAPRIDA,LAPRIDA,BUENOS AIRES,ARGENTINA
6,Importadora Mann Kloss,LOPE DE VEGA 2102,COMUNA 10,BOCA DE ATENCION MONTE CASTRO,CABA,ARGENTINA
7,Fletes y Logistica,SANTA ROSA 1564,CAPITAL,CORDOBA,CORDOBA,ARGENTINA
8,SinDato,SANTA ROSA 1564,CAPITAL,CORDOBA,CORDOBA,ARGENTINA
9,Via Chile Containers,JUAN B. JUSTO 415,CAPITAL,MENDOZA,MENDOZA,ARGENTINA
10,Full Toner,CORDOBA 246,CAPITAL,MENDOZA,MENDOZA,ARGENTINA
11,Via Chile Containers,VICEALTE O CONNOR 847,BARILOCHE,SAN CARLOS DE BARILOCHE,RIO NEGRO,ARGENTINA
12,Central Rosario SRL,SAN MARTIN 4816,ROSARIO,ROSARIO,SANTA FE,ARGENTINA
13,María Rivarola,SANTIAGO DEL ESTERO 1020,CAPITAL,SAN MIGUEL DE TUCUMAN,TUCUMAN,ARGENTINA
14,Río Full Net,BELGRANO 244,MONTEROS,MONTEROS,TUCUMAN,ARGENTINA
